{
    "model_name": "w256_d5_lr1e-03_bs16384_relu",
    "config": {
        "model_width": 256,
        "model_depth": 5,
        "activation": "relu",
        "weight_initializer": "he_normal",
        "learning_rate": 0.001,
        "batch_size_train": 16384,
        "batch_size_valid": 65536,
        "num_epochs": 10000,
        "early_stopping_patience": 500,
        "loss_type": "mse",
        "loss_alpha": 1.0,
        "loss_beta": 0.5,
        "dropout_rate": 0.0,
        "num_inputs": 12,
        "num_outputs": 4,
        "use_normalization": false,
        "gradient_clip_norm": 1.0,
        "seed": 42,
        "model_type": "fnn",
        "mlflow_experiment_name": "fcm_autoresearch",
        "model_name": "w256_d5_lr1e-03_bs16384_relu"
    },
    "total_params": 267524,
    "input_dim": 12,
    "training_time_seconds": 7937.264053344727,
    "actual_epochs": 2994,
    "stopped_early": true,
    "inference_time_mean": 0.2842541694641113,
    "inference_time_std": 0.023453742203685658,
    "best_val_loss": 1.5274089548711345e-07,
    "best_epoch": 2493,
    "final_train_loss": 6.769240030735091e-07,
    "final_val_loss": 2.597881234578381e-07,
    "mean_abs_rel_error": 0.2717601954936981,
    "median_abs_rel_error": 0.0006415221723727882,
    "max_abs_rel_error": 302.4920959472656,
    "mean_abs_error": 0.0002842580433934927,
    "median_abs_error": 0.0002093873918056488,
    "output_dir": "/root/fcm/fcm_autoresearch/runs/1775522771_gpu1/w256_d5_lr1e-03_bs16384_relu",
    "gpu_id": null,
    "num_threads": 4
}