{"model_name": "w256_d6_lr1e-03_bs16384_relu", "epoch": 619, "total_epochs": 10000, "percent": 6.2, "loss": 2.2610756786889397e-05, "val_loss": 1.5594170690746978e-05, "elapsed_seconds": 1796.4, "eta_seconds": 27223.8, "status": "running"}