{"model_name": "w256_d4_lr1e-03_bs8192_relu_combined_drop0.1", "epoch": 221, "total_epochs": 500, "percent": 100, "loss": 0.005796944722533226, "val_loss": 0.00038696822593919933, "elapsed_seconds": 702.4, "eta_seconds": 0, "status": "complete", "stopped_early": true, "gpu_id": null}