{"model_name": "FNN_w512_d4_lr1e-05_b8192_do0.1", "epoch": 2748, "total_epochs": 10000, "percent": 100, "loss": 0.0027658180333673954, "val_loss": 8.363091910723597e-05, "elapsed_seconds": 42772.4, "eta_seconds": 0, "status": "complete", "stopped_early": true, "gpu_id": null}