{
    "model_name": "FNN_w512_d4_lr1e-05_b8192_do0.1",
    "config": {
        "model_width": 512,
        "model_depth": 4,
        "learning_rate": 1e-05,
        "batch_size_train": 8192,
        "dropout_rate": 0.1,
        "model_name": "FNN_w512_d4_lr1e-05_b8192_do0.1",
        "batch_size_valid": 65536,
        "num_epochs": 10000,
        "early_stopping_patience": 300,
        "weight_initializer": "glorot_uniform",
        "activation": "relu",
        "loss_type": "combined",
        "num_outputs": 4,
        "use_normalization": true
    },
    "total_params": 796701,
    "input_dim": 12,
    "training_time_seconds": 42772.39786672592,
    "actual_epochs": 2748,
    "stopped_early": true,
    "inference_time_mean": 0.850067138671875,
    "inference_time_std": 0.030900943828549708,
    "best_val_loss": 7.95568194007501e-05,
    "best_epoch": 2447,
    "final_train_loss": 0.0027658180333673954,
    "final_val_loss": 8.363091910723597e-05,
    "mean_abs_rel_error": 0.8040531277656555,
    "median_abs_rel_error": 0.004250955767929554,
    "max_abs_rel_error": 16881.07421875,
    "mean_abs_error": 0.0018939453875645995,
    "median_abs_error": 0.0011432170867919922,
    "mean_area_frac_error": 0.0011527440510690212,
    "max_area_frac_error": 0.00990399718284607,
    "output_dir": "moment_loss_search/run_20260202_002557/model_03_FNN_w512_d4_lr1e-05_b8192_do0.1",
    "gpu_id": null,
    "num_threads": 4
}