{"model_name": "w512_d4_lr1e-03_bs8192_gelu_combined_drop0.1", "epoch": 204, "total_epochs": 500, "percent": 100, "loss": 0.002661788370460272, "val_loss": 0.00032929074950516224, "elapsed_seconds": 2405.3, "eta_seconds": 0, "status": "complete", "stopped_early": true, "gpu_id": null}