{"model_name": "w256_d4_lr1e-03_bs16384_gelu", "epoch": 2067, "total_epochs": 10000, "percent": 100, "loss": 1.3270991985336877e-06, "val_loss": 1.0147336979571264e-06, "elapsed_seconds": 7881.3, "eta_seconds": 0, "status": "complete", "stopped_early": true, "gpu_id": null}