{
    "model_name": "w256_d4_lr1e-03_bs16384_gelu",
    "config": {
        "model_width": 256,
        "model_depth": 4,
        "activation": "gelu",
        "weight_initializer": "he_normal",
        "learning_rate": 0.001,
        "batch_size_train": 16384,
        "batch_size_valid": 65536,
        "num_epochs": 10000,
        "early_stopping_patience": 500,
        "loss_type": "mse",
        "loss_alpha": 1.0,
        "loss_beta": 0.5,
        "dropout_rate": 0.0,
        "num_inputs": 12,
        "num_outputs": 4,
        "use_normalization": false,
        "gradient_clip_norm": 1.0,
        "seed": 42,
        "model_type": "fnn",
        "mlflow_experiment_name": "fcm_autoresearch",
        "model_name": "w256_d4_lr1e-03_bs16384_gelu"
    },
    "total_params": 201732,
    "input_dim": 12,
    "training_time_seconds": 7881.333128452301,
    "actual_epochs": 2067,
    "stopped_early": true,
    "inference_time_mean": 0.4217700958251953,
    "inference_time_std": 0.03183754567013229,
    "best_val_loss": 4.885646944785549e-07,
    "best_epoch": 1566,
    "final_train_loss": 1.3270991985336877e-06,
    "final_val_loss": 1.0147336979571264e-06,
    "mean_abs_rel_error": 0.41390636563301086,
    "median_abs_rel_error": 0.0010751752415671945,
    "max_abs_rel_error": 357.1727294921875,
    "mean_abs_error": 0.0005076832021586597,
    "median_abs_error": 0.00037328898906707764,
    "output_dir": "/root/fcm/fcm_autoresearch/runs/1775522778_gpu2/w256_d4_lr1e-03_bs16384_gelu",
    "gpu_id": null,
    "num_threads": 4
}