{"model_name": "w256_d4_lr1e-03_bs8192_relu_combined_drop0.1", "epoch": 183, "total_epochs": 500, "percent": 100, "loss": 0.005900846794247627, "val_loss": 0.0007132281898520887, "elapsed_seconds": 498.6, "eta_seconds": 0, "status": "complete", "stopped_early": true, "gpu_id": null}