{"model_name": "w256_d2_lr1e-03_bs8192_gelu_combined_drop0.1", "epoch": 500, "total_epochs": 500, "percent": 100, "loss": 0.003947961609810591, "val_loss": 0.00021129264496266842, "elapsed_seconds": 1314.6, "eta_seconds": 0, "status": "complete", "stopped_early": false, "gpu_id": null}