{"model_name": "w256_d4_lr1e-03_bs8192_relu_combined_drop0.1", "epoch": 155, "total_epochs": 500, "percent": 100, "loss": 0.0060065072029829025, "val_loss": 0.0009571313275955617, "elapsed_seconds": 447.3, "eta_seconds": 0, "status": "complete", "stopped_early": true, "gpu_id": null}