{"model_name": "w256_d4_lr1e-03_bs8192_relu_combined_drop0.1", "epoch": 162, "total_epochs": 500, "percent": 100, "loss": 0.0059810541570186615, "val_loss": 0.0007988294237293303, "elapsed_seconds": 422.8, "eta_seconds": 0, "status": "complete", "stopped_early": true, "gpu_id": null}