{"model_name": "w256_d4_lr1e-03_bs8192_relu_combined_drop0.1", "epoch": 141, "total_epochs": 500, "percent": 100, "loss": 0.006115288008004427, "val_loss": 0.0005961635615676641, "elapsed_seconds": 418.9, "eta_seconds": 0, "status": "complete", "stopped_early": true, "gpu_id": null}