{"model_name": "w512_d4_lr1e-03_bs8192_relu_combined_drop0.1", "epoch": 277, "total_epochs": 500, "percent": 100, "loss": 0.0029772401321679354, "val_loss": 0.0002174326655222103, "elapsed_seconds": 2048.5, "eta_seconds": 0, "status": "complete", "stopped_early": true, "gpu_id": null}