{"model_name": "w256_d5_lr5e-04_bs16384_relu", "epoch": 1644, "total_epochs": 10000, "percent": 16.4, "loss": 1.5719288057880476e-05, "val_loss": 4.744000762002543e-06, "elapsed_seconds": 3855.1, "eta_seconds": 19594.4, "status": "running"}