{"model_name": "w256_d3_lr1e-03_bs8192_gelu_combined_drop0.1", "epoch": 403, "total_epochs": 500, "percent": 100, "loss": 0.003473432268947363, "val_loss": 0.00019288744078949094, "elapsed_seconds": 1525.3, "eta_seconds": 0, "status": "complete", "stopped_early": true, "gpu_id": null}