{"model_name": "w256_d4_lr1e-03_bs8192_relu_combined_drop0.1", "epoch": 115, "total_epochs": 500, "percent": 100, "loss": 0.0064814090728759766, "val_loss": 0.0009540197788737714, "elapsed_seconds": 343.3, "eta_seconds": 0, "status": "complete", "stopped_early": true, "gpu_id": null}