{"model_name": "w512_d5_lr1e-03_bs16384_relu", "epoch": 210, "total_epochs": 10000, "percent": 2.1, "loss": 1.660192538111005e-05, "val_loss": 5.705106013920158e-05, "elapsed_seconds": 1791.6, "eta_seconds": 83524.3, "status": "running"}